Sales_Rep,Region,Sales_Amount,Quantity_Sold,Product_Category,Unit_Cost,Unit_Price,Customer_Type,Discount,Payment_Method,Unit_Margin,Total_Margin,Discount_Amount,Weekday
Bob,North,5053.97,18,Furniture,152.75,267.22,Returning,0.09,Cash,114.47000000000003,2060.4600000000005,4.328964000000001,4
Charlie,East,3750.2,13,Electronics,637.37,692.71,New,0.08,Credit Card,55.34000000000003,719.4200000000004,7.204184,4
Charlie,West,3761.15,32,Food,900.79,1106.51,New,0.21,Cash,205.72000000000003,6583.040000000001,74.357472,5
Bob,West,618.31,29,Furniture,2408.81,2624.09,Returning,0.14,Cash,215.2800000000002,6243.120000000006,106.53805400000002,1
Eve,South,7698.92,46,Furniture,3702.51,3964.65,New,0.12,Bank Transfer,262.1399999999999,12058.439999999995,218.84867999999997,4
David,South,4223.39,30,Furniture,738.06,1095.4499999999998,New,0.05,Bank Transfer,357.3899999999999,10721.699999999997,16.431749999999997,3
Charlie,West,8239.58,18,Clothing,2228.35,2682.34,New,0.13,Bank Transfer,453.99000000000024,8171.820000000004,62.766756,0
Bob,West,2198.74,43,Food,1100.81,1137.44,Returning,0.08,Bank Transfer,36.63000000000011,1575.0900000000047,39.127936000000005,0
Alice,South,4775.59,30,Furniture,4190.28,4270.65,New,0.2,Cash,80.36999999999989,2411.0999999999967,256.239,6
David,North,6810.35,17,Furniture,4024.76,4420.150000000001,Returning,0.04,Cash,395.3900000000003,6721.630000000006,30.05702,1
David,West,3023.48,19,Clothing,3049.33,3209.22,Returning,0.26,Cash,159.88999999999987,3037.9099999999976,158.53546799999998,0
Bob,South,1452.35,15,Clothing,2543.36,2790.1000000000004,Returning,0.07,Cash,246.74000000000024,3701.1000000000035,29.296050000000008,5
Eve,North,6551.23,9,Electronics,4398.16,4439.12,New,0.18,Bank Transfer,40.960000000000036,368.6400000000003,71.913744,5
Eve,East,7412.11,10,Electronics,4764.96,5074.42,New,0.12,Cash,309.46000000000004,3094.6000000000004,60.89303999999999,2
Alice,South,6483.84,31,Furniture,2254.99,2441.79,Returning,0.24,Bank Transfer,186.80000000000018,5790.800000000006,181.669176,0
David,East,8913.13,9,Electronics,2263.65,2558.9500000000003,New,0.03,Cash,295.3000000000002,2657.7000000000016,6.909165000000001,3
Alice,West,3741.08,1,Furniture,3290.89,3317.75,Returning,0.17,Bank Transfer,26.860000000000127,26.860000000000127,5.640175,2
Alice,North,1203.97,35,Food,3333.64,3764.52,Returning,0.02,Credit Card,430.8800000000001,15080.800000000003,26.351640000000003,3
Alice,North,5207.03,11,Food,635.2,814.1400000000001,Returning,0.02,Cash,178.94000000000005,1968.3400000000006,1.7911080000000004,1
David,West,2749.17,34,Furniture,2037.41,2238.65,New,0.3,Credit Card,201.24,6842.16,228.34230000000002,3
Bob,East,8371.25,16,Clothing,3975.99,4422.59,New,0.24,Cash,446.60000000000036,7145.600000000006,169.82745599999998,3
Eve,East,3439.72,15,Clothing,4756.55,4888.46,New,0.29,Credit Card,131.90999999999985,1978.6499999999978,212.64800999999997,4
David,North,1331.25,33,Electronics,1341.55,1427.21,Returning,0.15,Credit Card,85.66000000000008,2826.7800000000025,70.646895,1
David,West,4195.06,45,Furniture,4849.6,5166.72,Returning,0.25,Credit Card,317.1199999999999,14270.399999999994,581.2560000000001,3
Charlie,West,4102.47,8,Furniture,3513.0,3838.42,Returning,0.13,Bank Transfer,325.4200000000001,2603.3600000000006,39.919568,4
Bob,South,5356.28,8,Electronics,4271.99,4417.79,Returning,0.04,Cash,145.80000000000018,1166.4000000000015,14.136928000000001,6
Charlie,South,5991.8,27,Furniture,623.32,853.6600000000001,Returning,0.04,Cash,230.34000000000003,6219.180000000001,9.219528000000002,4
Bob,East,198.25,12,Electronics,3544.48,3723.66,Returning,0.19,Cash,179.17999999999984,2150.159999999998,84.89944799999999,1
Eve,West,4694.54,1,Food,2543.26,2637.9100000000003,Returning,0.2,Credit Card,94.65000000000009,94.65000000000009,5.27582,4
Alice,East,3187.45,11,Clothing,2414.82,2519.07,Returning,0.0,Cash,104.25,1146.75,0.0,3
Eve,South,7762.51,39,Electronics,2416.89,2778.4,Returning,0.05,Cash,361.5100000000002,14098.890000000009,54.1788,3
David,North,7751.92,43,Furniture,3851.45,4186.98,Returning,0.3,Credit Card,335.52999999999975,14427.78999999999,540.12042,4
Charlie,West,5260.83,31,Electronics,3161.4,3339.66,Returning,0.02,Bank Transfer,178.25999999999976,5526.059999999992,20.705892,5
David,West,9762.54,17,Food,3184.65,3204.01,New,0.2,Bank Transfer,19.360000000000127,329.12000000000216,108.93634000000002,2
Alice,North,1342.95,33,Clothing,2278.9,2626.9,New,0.05,Credit Card,348.0,11484.0,43.343849999999996,4
David,East,7724.57,29,Electronics,3741.3,4061.04,Returning,0.21,Credit Card,319.7399999999998,9272.459999999994,247.31733599999998,0
Alice,West,1290.05,21,Furniture,3497.98,3765.31,New,0.08,Cash,267.3299999999999,5613.9299999999985,63.257208,6
Eve,East,273.77,23,Clothing,4110.6,4488.370000000001,New,0.12,Credit Card,377.77000000000044,8688.71000000001,123.87901200000002,6
Eve,North,5227.81,38,Clothing,4635.23,5075.44,Returning,0.05,Cash,440.21000000000004,16727.980000000003,96.43336,6
Alice,East,3546.15,37,Electronics,3114.88,3256.78,Returning,0.26,Credit Card,141.9000000000001,5250.300000000003,313.302236,4
David,East,113.4,8,Furniture,3459.61,3657.23,Returning,0.03,Bank Transfer,197.6199999999999,1580.9599999999991,8.777351999999999,3
David,East,3068.03,41,Furniture,2782.08,2879.24,New,0.21,Bank Transfer,97.15999999999985,3983.559999999994,247.90256399999998,1
David,North,6499.94,49,Clothing,1247.1,1429.4399999999998,New,0.16,Cash,182.33999999999992,8934.659999999996,112.068096,4
Eve,North,8485.9,11,Clothing,4840.33,4884.29,New,0.13,Cash,43.960000000000036,483.5600000000004,69.845347,4
Bob,South,7853.66,21,Furniture,4668.14,5040.22,New,0.05,Bank Transfer,372.0799999999999,7813.6799999999985,52.92231,5
Eve,South,4634.16,40,Furniture,2654.11,2929.32,Returning,0.08,Cash,275.21000000000004,11008.400000000001,93.73824,1
David,West,4040.25,19,Electronics,3808.59,3844.51,New,0.21,Credit Card,35.92000000000007,682.4800000000014,153.395949,0
Eve,West,7499.7,38,Food,2610.6,2836.94,Returning,0.19,Credit Card,226.34000000000015,8600.920000000006,204.827068,5
Eve,East,672.66,2,Furniture,1036.76,1189.35,New,0.27,Bank Transfer,152.58999999999992,305.17999999999984,6.42249,2
Alice,South,9582.12,38,Food,2091.21,2527.0,Returning,0.01,Credit Card,435.78999999999996,16560.019999999997,9.6026,1
Eve,East,848.49,43,Furniture,481.0,531.02,New,0.17,Cash,50.01999999999998,2150.859999999999,38.817562,2
Bob,East,3720.24,36,Food,1050.64,1167.3300000000002,New,0.22,Cash,116.69000000000005,4200.840000000002,92.45253600000001,2
Charlie,East,2331.27,13,Clothing,2750.18,2882.85,Returning,0.24,Credit Card,132.67000000000007,1724.710000000001,89.94491999999998,4
Alice,South,6261.9,41,Electronics,1196.42,1444.97,Returning,0.21,Bank Transfer,248.54999999999995,10190.549999999997,124.411917,3
Charlie,North,8130.13,35,Clothing,4071.01,4304.7,New,0.14,Credit Card,233.6899999999996,8179.149999999986,210.93030000000002,6
David,South,3942.84,40,Food,601.86,1067.53,New,0.18,Cash,465.66999999999996,18626.8,76.86215999999999,3
David,South,3517.4,42,Clothing,3587.74,3745.91,Returning,0.1,Cash,158.17000000000007,6643.140000000003,157.32822000000002,4
Bob,West,8912.4,33,Clothing,450.72,918.17,Returning,0.11,Cash,467.44999999999993,15425.849999999999,33.329571,3
Alice,South,4531.97,38,Furniture,4456.67,4642.46,New,0.06,Bank Transfer,185.78999999999996,7060.019999999999,105.84808799999999,2
Bob,South,1429.32,44,Food,618.79,938.04,Returning,0.03,Cash,319.25,14047.0,12.382127999999998,3
Bob,West,2494.74,47,Electronics,2936.48,3096.64,New,0.06,Bank Transfer,160.15999999999985,7527.519999999993,87.32524799999999,4
Alice,West,534.61,3,Clothing,3472.51,3732.0,New,0.06,Cash,259.4899999999998,778.4699999999993,6.717599999999999,4
Alice,West,1740.92,24,Clothing,1345.67,1367.76,New,0.06,Bank Transfer,22.089999999999918,530.159999999998,19.695743999999998,5
Bob,North,9813.81,40,Clothing,2790.11,3192.37,Returning,0.26,Bank Transfer,402.25999999999976,16090.39999999999,332.00647999999995,0
David,East,7952.11,10,Furniture,1531.2,1955.56,New,0.0,Credit Card,424.3599999999999,4243.5999999999985,0.0,5
Bob,West,8552.47,19,Food,2182.75,2504.03,New,0.01,Bank Transfer,321.2800000000002,6104.320000000003,4.757657000000001,1
Bob,East,2495.57,3,Electronics,1595.35,1625.7099999999998,New,0.27,Cash,30.3599999999999,91.0799999999997,13.168250999999998,4
Alice,East,9948.71,27,Food,4929.55,4990.33,Returning,0.29,Credit Card,60.779999999999745,1641.0599999999931,390.742839,4
Eve,West,5738.44,15,Electronics,1729.14,1870.88,Returning,0.23,Cash,141.74,2126.1000000000004,64.54536,0
Eve,South,2669.46,35,Electronics,2745.75,3244.76,New,0.05,Bank Transfer,499.0100000000002,17465.350000000006,56.783300000000004,6
Alice,North,4426.26,12,Clothing,253.29,683.78,New,0.25,Credit Card,430.49,5165.88,20.5134,2
Charlie,North,5976.25,41,Clothing,3736.88,3946.77,Returning,0.06,Credit Card,209.88999999999987,8605.489999999994,97.090542,2
David,West,823.51,44,Food,2257.48,2747.81,Returning,0.27,Cash,490.3299999999999,21574.519999999997,326.43982800000003,5
David,South,1982.07,34,Furniture,1967.96,1993.4,Returning,0.15,Credit Card,25.440000000000055,864.9600000000019,101.66340000000001,1
Alice,West,5262.45,23,Electronics,3325.43,3401.1,New,0.1,Cash,75.67000000000007,1740.4100000000017,78.2253,4
Alice,North,4821.31,48,Clothing,2449.21,2714.12,New,0.01,Credit Card,264.90999999999985,12715.679999999993,13.027776,0
Eve,North,2548.67,25,Electronics,1933.39,1982.92,New,0.17,Bank Transfer,49.52999999999997,1238.2499999999993,84.2741,1
Alice,East,6442.09,2,Clothing,575.32,914.77,Returning,0.26,Bank Transfer,339.44999999999993,678.8999999999999,4.756804,3
David,South,6699.34,30,Food,2680.22,3027.92,Returning,0.25,Bank Transfer,347.7000000000003,10431.000000000007,227.09400000000002,2
Bob,South,1710.73,3,Electronics,2009.1,2186.42,New,0.25,Bank Transfer,177.32000000000016,531.9600000000005,16.39815,6
Charlie,West,7739.11,25,Furniture,4037.73,4446.45,Returning,0.09,Bank Transfer,408.7199999999998,10217.999999999995,100.045125,4
David,East,5039.07,20,Electronics,1533.36,1649.7399999999998,Returning,0.1,Bank Transfer,116.37999999999988,2327.5999999999976,32.9948,5
Eve,West,219.82,49,Electronics,4812.41,5088.0,Returning,0.09,Credit Card,275.59000000000015,13503.910000000007,224.3808,3
Alice,West,189.48,22,Electronics,2701.39,3185.81,New,0.01,Bank Transfer,484.4200000000001,10657.240000000002,7.008781999999999,0
Alice,West,3634.59,21,Clothing,3110.54,3192.99,New,0.17,Credit Card,82.44999999999982,1731.4499999999962,113.989743,2
Alice,North,2363.9,38,Clothing,3350.32,3449.94,New,0.26,Cash,99.61999999999989,3785.559999999996,340.854072,4
Bob,South,3284.53,15,Electronics,316.22,799.04,New,0.0,Bank Transfer,482.81999999999994,7242.299999999999,0.0,1
Bob,East,4344.15,24,Electronics,1969.09,2241.96,Returning,0.02,Credit Card,272.8700000000001,6548.880000000003,10.761408000000001,3
Alice,East,388.78,5,Food,734.92,991.21,Returning,0.21,Credit Card,256.2900000000001,1281.4500000000003,10.407705,0
Charlie,West,4860.81,6,Electronics,3703.93,3840.24,New,0.07,Credit Card,136.30999999999995,817.8599999999997,16.129008000000002,1
Eve,North,6658.1,49,Furniture,4291.97,4645.64,Returning,0.26,Credit Card,353.6700000000001,17329.83,591.854536,3
Bob,South,1273.18,43,Clothing,4696.64,4713.68,Returning,0.24,Bank Transfer,17.039999999999964,732.7199999999984,486.451776,2
Bob,North,2959.96,48,Food,2487.19,2521.4500000000003,New,0.29,Cash,34.26000000000022,1644.4800000000105,350.98584,2
David,West,4038.58,44,Furniture,3519.29,3822.98,Returning,0.27,Bank Transfer,303.69000000000005,13362.360000000002,454.170024,1
Bob,East,544.62,4,Electronics,1581.59,2034.15,Returning,0.21,Cash,452.5600000000002,1810.2400000000007,17.086859999999998,0
David,West,3780.07,18,Furniture,2602.6,3013.49,Returning,0.08,Bank Transfer,410.8899999999999,7396.019999999998,43.394256,1
Eve,South,3985.34,21,Food,2511.41,2848.4,Returning,0.06,Bank Transfer,336.99000000000024,7076.7900000000045,35.88984,4
Bob,South,7567.22,28,Electronics,933.16,1004.7,Returning,0.18,Bank Transfer,71.54000000000008,2003.1200000000022,50.636880000000005,6
David,East,9514.19,22,Food,4218.43,4331.42,New,0.26,Bank Transfer,112.98999999999978,2485.779999999995,247.757224,0
David,North,5813.51,40,Furniture,3089.96,3258.45,New,0.29,Cash,168.48999999999978,6739.599999999991,377.98019999999997,6
Charlie,North,3635.5,23,Furniture,1662.83,2074.25,New,0.12,Bank Transfer,411.4200000000001,9462.660000000002,57.2493,1
Bob,West,7896.74,3,Food,999.09,1271.99,New,0.15,Credit Card,272.9,818.6999999999999,5.723955,1
Charlie,North,5684.33,10,Electronics,2940.4,3054.79,Returning,0.08,Credit Card,114.38999999999987,1143.8999999999987,24.43832,2
Eve,North,2479.95,8,Clothing,467.11,792.21,New,0.2,Credit Card,325.1,2600.8,12.675360000000001,1
Charlie,North,1996.77,11,Clothing,1812.66,2196.3,New,0.08,Cash,383.6400000000001,4220.040000000001,19.327440000000003,6
Charlie,West,485.41,38,Electronics,3955.66,4270.59,Returning,0.15,Credit Card,314.9300000000003,11967.340000000011,243.42363000000003,5
Charlie,West,9509.55,2,Furniture,3752.68,4017.91,Returning,0.16,Bank Transfer,265.23,530.46,12.857312,4
Bob,North,5858.06,1,Food,4190.83,4528.77,Returning,0.22,Bank Transfer,337.9400000000005,337.9400000000005,9.963294000000001,0
Eve,West,4422.48,40,Furniture,3536.46,3945.82,New,0.24,Bank Transfer,409.3600000000001,16374.400000000005,378.79872,5
David,East,7611.88,28,Clothing,1566.03,1576.34,Returning,0.2,Bank Transfer,10.309999999999945,288.6799999999985,88.27503999999999,6
Charlie,West,2896.71,44,Electronics,1362.15,1844.07,New,0.29,Credit Card,481.91999999999985,21204.479999999992,235.30333199999998,6
David,South,8951.53,39,Clothing,1004.71,1389.35,New,0.24,Bank Transfer,384.6399999999999,15000.959999999995,130.04315999999997,5
Eve,South,2126.33,39,Food,2437.26,2889.67,Returning,0.25,Cash,452.40999999999985,17643.989999999994,281.74282500000004,3
David,West,5952.19,31,Food,333.69,685.1,New,0.04,Bank Transfer,351.41,10893.710000000001,8.49524,6
Bob,North,1942.75,21,Food,914.22,971.57,Returning,0.14,Cash,57.35000000000002,1204.3500000000004,28.564158000000006,1
Charlie,West,8564.8,34,Food,3573.3,3740.13,Returning,0.01,Credit Card,166.82999999999993,5672.2199999999975,12.716442,3
Bob,North,5118.51,22,Clothing,3619.61,3651.42,Returning,0.26,Bank Transfer,31.809999999999945,699.8199999999988,208.861224,4
Eve,North,4153.18,40,Furniture,959.73,1111.41,New,0.23,Bank Transfer,151.68000000000006,6067.200000000003,102.24972,0
Bob,East,8127.7,37,Food,1675.51,1906.64,New,0.13,Bank Transfer,231.1300000000001,8551.810000000005,91.709384,6
David,East,3388.69,1,Food,172.59,404.69,Returning,0.29,Bank Transfer,232.1,232.1,1.173601,4
David,East,6966.82,1,Food,1281.65,1709.71,Returning,0.14,Credit Card,428.05999999999995,428.05999999999995,2.393594,3
Alice,West,7734.12,42,Food,2069.05,2363.9,Returning,0.07,Cash,294.8499999999999,12383.699999999997,69.49866000000002,3
Eve,West,1600.79,21,Furniture,725.03,828.9499999999999,New,0.18,Bank Transfer,103.91999999999996,2182.3199999999993,31.334309999999995,2
Charlie,West,5437.04,17,Electronics,4075.08,4262.21,New,0.17,Cash,187.1300000000001,3181.210000000002,123.17786900000002,4
Eve,East,4309.76,38,Electronics,3883.38,4152.72,Returning,0.26,Cash,269.34000000000015,10234.920000000006,410.28873600000003,4
David,South,471.95,35,Food,1958.49,2254.84,New,0.16,Credit Card,296.35000000000014,10372.250000000005,126.27104000000001,3
Alice,West,1365.88,45,Furniture,2558.09,2958.55,New,0.08,Cash,400.46000000000004,18020.7,106.5078,5
Alice,West,100.12,8,Clothing,3762.27,4166.95,Returning,0.16,Bank Transfer,404.67999999999984,3237.4399999999987,53.33696,2
Bob,South,4224.0,47,Furniture,4035.33,4211.25,Returning,0.07,Bank Transfer,175.92000000000007,8268.240000000003,138.550125,1
Alice,West,3111.57,17,Furniture,1475.0,1840.77,Returning,0.1,Credit Card,365.77,6218.09,31.29309,5
Bob,East,3109.03,38,Clothing,3637.25,4096.96,Returning,0.09,Bank Transfer,459.71000000000004,17468.980000000003,140.11603200000002,3
Eve,South,114.59,48,Food,4319.32,4625.56,Returning,0.1,Bank Transfer,306.2400000000007,14699.520000000033,222.02688,3
Bob,North,9671.77,45,Electronics,4268.45,4551.599999999999,New,0.08,Bank Transfer,283.14999999999964,12741.749999999984,163.8576,6
David,North,6664.17,35,Clothing,295.82,684.6700000000001,New,0.03,Credit Card,388.8500000000001,13609.750000000004,7.1890350000000005,0
Alice,South,4284.03,47,Clothing,1656.82,1750.38,New,0.21,Credit Card,93.56000000000017,4397.320000000008,172.762506,1
Bob,South,3099.02,8,Clothing,3380.14,3609.34,Returning,0.09,Credit Card,229.20000000000027,1833.6000000000022,25.987248,5
Charlie,East,3320.42,15,Clothing,1719.47,1832.6,Returning,0.12,Credit Card,113.12999999999988,1696.9499999999982,32.986799999999995,0
Bob,East,8186.12,13,Electronics,1442.69,1882.57,Returning,0.28,Cash,439.8799999999999,5718.439999999999,68.52554800000001,6
Bob,South,3772.32,31,Furniture,2403.16,2453.35,Returning,0.19,Credit Card,50.190000000000055,1555.8900000000017,144.50231499999998,2
Eve,North,9029.21,35,Furniture,3925.85,4082.11,New,0.22,Cash,156.26000000000022,5469.100000000008,314.32247,0
David,North,7567.06,22,Food,4236.05,4382.320000000001,New,0.2,Bank Transfer,146.27000000000044,3217.9400000000096,192.82208000000003,4
Eve,West,6644.04,25,Electronics,4148.48,4293.69,New,0.11,Bank Transfer,145.21000000000004,3630.250000000001,118.07647499999999,1
Eve,East,5490.52,26,Clothing,4906.85,4954.39,New,0.25,Bank Transfer,47.539999999999964,1236.039999999999,322.03535000000005,3
Charlie,West,7122.28,47,Clothing,2357.95,2693.33,New,0.18,Bank Transfer,335.3800000000001,15762.860000000004,227.855718,3
Charlie,West,7828.25,26,Clothing,2041.42,2291.17,Returning,0.28,Cash,249.75,6493.5,166.797176,6
Alice,North,9527.0,6,Furniture,1945.27,2309.43,New,0.26,Credit Card,364.15999999999985,2184.959999999999,36.02710799999999,6
Charlie,North,7614.15,14,Food,1996.64,2341.4700000000003,Returning,0.22,Credit Card,344.83000000000015,4827.620000000003,72.117276,4
Eve,South,1114.91,13,Food,3102.73,3202.68,New,0.09,Cash,99.94999999999982,1299.3499999999976,37.47135599999999,2
Charlie,East,5138.02,44,Electronics,1763.67,1983.82,New,0.24,Credit Card,220.14999999999986,9686.599999999995,209.491392,2
Alice,North,8292.31,43,Clothing,3105.24,3246.33,New,0.25,Cash,141.09000000000015,6066.870000000006,348.980475,5
Alice,South,7002.37,47,Food,4429.8,4694.21,New,0.25,Bank Transfer,264.40999999999985,12427.269999999993,551.569675,3
Eve,South,2813.31,36,Furniture,1458.77,1485.75,New,0.25,Credit Card,26.980000000000018,971.2800000000007,133.7175,3
Alice,South,3518.89,48,Food,3441.61,3693.45,Returning,0.19,Bank Transfer,251.8399999999997,12088.319999999985,336.84263999999996,3
Alice,West,8579.72,24,Electronics,1362.78,1729.81,New,0.29,Bank Transfer,367.03,8808.72,120.394776,0
Charlie,North,7297.86,7,Clothing,523.42,632.4399999999999,New,0.2,Bank Transfer,109.01999999999998,763.1399999999999,8.85416,1
David,North,9476.2,1,Furniture,610.83,808.69,New,0.22,Credit Card,197.86,197.86,1.7791180000000002,6
Eve,West,5012.96,35,Furniture,900.97,1321.18,Returning,0.1,Cash,420.21000000000004,14707.350000000002,46.2413,1
Alice,North,3867.13,32,Food,2759.26,3193.25,New,0.2,Bank Transfer,433.9899999999998,13887.679999999993,204.368,4
David,East,7370.99,6,Clothing,1621.07,1687.5,Returning,0.12,Credit Card,66.43000000000006,398.5800000000004,12.149999999999999,3
Eve,East,3905.11,14,Food,1140.58,1438.76,Returning,0.03,Bank Transfer,298.18000000000006,4174.52,6.0427919999999995,0
David,South,4432.85,40,Clothing,2687.49,3001.56,Returning,0.26,Bank Transfer,314.07000000000016,12562.800000000007,312.16224,6
Bob,East,7078.22,28,Electronics,3489.85,3842.55,New,0.03,Bank Transfer,352.7000000000003,9875.600000000008,32.27742,2
Bob,East,5509.66,4,Food,2000.75,2426.99,Returning,0.17,Bank Transfer,426.2399999999998,1704.9599999999991,16.503532,4
David,South,9673.65,45,Electronics,4262.21,4533.31,Returning,0.27,Credit Card,271.10000000000036,12199.500000000016,550.7971650000001,6
Alice,North,5097.48,28,Electronics,224.32,715.06,Returning,0.01,Credit Card,490.73999999999995,13740.72,2.002168,2
Charlie,West,7212.69,32,Electronics,3743.59,4116.38,Returning,0.11,Cash,372.78999999999996,11929.279999999999,144.896576,3
Bob,West,8640.14,45,Furniture,4020.09,4087.91,Returning,0.06,Bank Transfer,67.81999999999971,3051.899999999987,110.37356999999999,2
David,East,1874.63,2,Clothing,844.94,1225.64,Returning,0.23,Credit Card,380.70000000000005,761.4000000000001,5.637944,6
Bob,West,5571.8,3,Food,1000.18,1023.64,Returning,0.04,Credit Card,23.460000000000036,70.38000000000011,1.2283680000000001,6
Eve,North,1403.98,24,Clothing,1394.17,1891.02,New,0.21,Credit Card,496.8499999999999,11924.399999999998,95.30740799999998,2
Bob,North,2971.45,9,Furniture,3365.28,3730.43,New,0.17,Bank Transfer,365.14999999999964,3286.3499999999967,57.075579,5
Alice,North,7987.15,2,Furniture,3146.12,3255.53,Returning,0.06,Bank Transfer,109.41000000000031,218.82000000000062,3.9066359999999998,5
David,East,6286.25,7,Clothing,1896.35,2394.2,New,0.22,Bank Transfer,497.8499999999999,3484.9499999999994,36.87068,6
Charlie,West,5760.29,44,Electronics,1084.73,1420.9,Returning,0.05,Credit Card,336.1700000000001,14791.480000000003,31.259800000000002,5
David,North,9070.26,42,Electronics,4723.83,5186.19,Returning,0.22,Credit Card,462.3599999999997,19419.119999999988,479.203956,6
Charlie,West,220.35,16,Clothing,4977.78,4995.55,New,0.25,Credit Card,17.770000000000437,284.320000000007,199.822,3
Eve,North,6772.8,35,Clothing,2278.87,2646.53,Returning,0.09,Bank Transfer,367.6600000000003,12868.100000000011,83.365695,4
David,South,5533.7,10,Electronics,2242.01,2282.23,Returning,0.2,Credit Card,40.2199999999998,402.199999999998,45.6446,0
Alice,East,2947.56,38,Food,4243.98,4474.509999999999,New,0.01,Credit Card,230.52999999999975,8760.13999999999,17.003138,0
Alice,South,3137.09,18,Furniture,1069.73,1180.04,Returning,0.22,Bank Transfer,110.30999999999995,1985.579999999999,46.729584,6
David,East,6250.8,29,Clothing,1742.24,2070.52,New,0.12,Cash,328.28,9520.119999999999,72.054096,1
Alice,North,7353.72,34,Food,4201.11,4436.5,New,0.05,Cash,235.39000000000033,8003.260000000011,75.4205,5
Bob,South,2929.01,5,Furniture,1941.56,2385.48,Returning,0.15,Credit Card,443.9200000000001,2219.6000000000004,17.8911,2
Eve,South,4384.39,30,Food,1543.96,1558.87,Returning,0.28,Credit Card,14.909999999999854,447.29999999999563,130.94508000000002,3
David,West,6885.89,6,Food,235.12,677.5,Returning,0.16,Credit Card,442.38,2654.2799999999997,6.5040000000000004,0
Bob,North,660.2,44,Furniture,2045.0,2217.51,Returning,0.08,Credit Card,172.51000000000022,7590.44000000001,78.056352,3
Eve,East,3801.82,4,Clothing,3191.05,3555.3500000000004,New,0.28,Credit Card,364.3000000000002,1457.2000000000007,39.81992000000001,4
Alice,South,6453.17,23,Electronics,647.7,902.26,New,0.17,Bank Transfer,254.55999999999995,5854.879999999999,35.278366,5
Eve,North,6747.64,6,Electronics,4885.98,4949.95,Returning,0.17,Bank Transfer,63.970000000000255,383.8200000000015,50.489489999999996,2
Alice,West,4241.51,18,Electronics,2466.18,2483.87,Returning,0.08,Cash,17.690000000000055,318.420000000001,35.767728,6
Alice,West,1103.59,40,Food,541.19,595.2,Returning,0.19,Credit Card,54.00999999999999,2160.3999999999996,45.2352,3
Charlie,North,2850.74,32,Food,2171.79,2307.64,Returning,0.22,Bank Transfer,135.8499999999999,4347.199999999997,162.457856,0
Charlie,North,2835.56,9,Electronics,3161.09,3216.42,New,0.17,Bank Transfer,55.32999999999993,497.96999999999935,49.211226,5
David,West,4376.99,37,Electronics,1115.02,1174.48,New,0.22,Credit Card,59.460000000000036,2200.0200000000013,95.60267200000001,4
Bob,South,9805.65,10,Electronics,3155.97,3263.49,Returning,0.04,Credit Card,107.51999999999998,1075.1999999999998,13.05396,1
Charlie,North,1875.71,48,Electronics,210.63,533.5799999999999,New,0.04,Bank Transfer,322.94999999999993,15501.599999999997,10.244736,0
Eve,East,4095.65,11,Food,2025.67,2081.55,New,0.27,Bank Transfer,55.88000000000011,614.6800000000012,61.822035000000014,6
David,South,4285.01,32,Electronics,4775.04,4785.66,New,0.03,Cash,10.61999999999989,339.8399999999965,45.942336,6
Alice,South,3530.59,4,Furniture,4596.68,5044.740000000001,New,0.01,Bank Transfer,448.0600000000004,1792.2400000000016,2.0178960000000004,3
Bob,East,4036.36,4,Electronics,282.61,548.25,New,0.17,Credit Card,265.64,1062.56,3.7281000000000004,2
Bob,East,2716.34,17,Furniture,1727.12,1865.83,New,0.21,Cash,138.71000000000004,2358.0700000000006,66.610131,2
Eve,North,2132.8,41,Furniture,2055.49,2441.46,New,0.24,Credit Card,385.97000000000025,15824.770000000011,240.23966399999998,5
Charlie,South,4882.09,19,Electronics,1233.12,1697.1899999999998,New,0.1,Credit Card,464.06999999999994,8817.329999999998,32.24661,6
Bob,South,2758.48,5,Furniture,3162.92,3409.9300000000003,New,0.0,Cash,247.01000000000022,1235.050000000001,0.0,2
David,East,6601.89,22,Electronics,4260.0,4656.58,New,0.0,Bank Transfer,396.5799999999999,8724.759999999998,0.0,3
Charlie,North,862.1,22,Furniture,3285.25,3634.58,New,0.13,Bank Transfer,349.3299999999999,7685.259999999998,103.94898799999999,2
Charlie,West,1011.46,48,Furniture,710.06,851.3499999999999,Returning,0.04,Bank Transfer,141.28999999999996,6781.919999999998,16.34592,5
Bob,North,6520.2,42,Clothing,4625.33,4642.83,New,0.19,Credit Card,17.5,735.0,370.49783399999995,4
Alice,South,7095.64,33,Furniture,4772.03,4805.17,Returning,0.28,Bank Transfer,33.14000000000033,1093.6200000000108,443.9977080000001,3
Alice,South,3197.78,49,Electronics,2907.22,3385.61,New,0.13,Cash,478.3900000000003,23441.110000000015,215.66335700000002,4
David,North,6016.92,9,Electronics,132.47,316.39,New,0.14,Credit Card,183.92,1655.28,3.986514,3
Charlie,South,8674.35,23,Food,1727.78,1984.34,Returning,0.24,Bank Transfer,256.55999999999995,5900.879999999999,109.53556799999998,5
Charlie,West,9472.66,10,Electronics,3988.52,4240.23,New,0.05,Credit Card,251.70999999999958,2517.099999999996,21.20115,6
Eve,East,2106.06,30,Electronics,698.74,882.28,Returning,0.15,Credit Card,183.53999999999996,5506.199999999999,39.7026,6
Bob,South,5917.1,25,Electronics,3997.1,4212.65,New,0.22,Cash,215.54999999999973,5388.749999999993,231.69574999999998,3
David,North,7041.28,28,Food,2564.35,2765.79,Returning,0.17,Credit Card,201.44000000000005,5640.3200000000015,131.651604,6
Eve,North,252.41,48,Furniture,2596.72,2715.05,Returning,0.04,Cash,118.33000000000038,5679.840000000018,52.128960000000006,6
David,North,4557.52,10,Furniture,1830.61,2044.04,New,0.11,Cash,213.43000000000006,2134.3000000000006,22.484440000000003,4
Eve,East,9580.05,14,Electronics,2703.97,2796.88,New,0.13,Bank Transfer,92.91000000000031,1300.7400000000043,50.903216,2
Eve,South,1966.55,30,Clothing,4697.44,4752.24,New,0.28,Credit Card,54.80000000000018,1644.0000000000055,399.18816,3
Eve,North,9772.37,25,Food,2403.54,2850.56,New,0.13,Bank Transfer,447.02,11175.5,92.6432,6
Charlie,South,1108.74,14,Furniture,3796.79,3947.5,Returning,0.24,Bank Transfer,150.71000000000004,2109.9400000000005,132.636,0
Bob,East,182.37,35,Clothing,3461.15,3631.75,Returning,0.27,Credit Card,170.5999999999999,5970.999999999996,343.200375,6
Charlie,West,1016.99,34,Electronics,4984.21,5184.64,New,0.17,Cash,200.4300000000003,6814.62000000001,299.67219200000005,2
Charlie,East,7509.01,10,Furniture,2162.95,2191.19,Returning,0.2,Credit Card,28.240000000000236,282.40000000000236,43.823800000000006,1
Charlie,East,4396.81,11,Electronics,200.56,540.38,New,0.18,Bank Transfer,339.82,3738.02,10.699524,3
Bob,South,189.64,22,Food,834.32,1098.97,Returning,0.17,Cash,264.65,5822.299999999999,41.101478,0
Charlie,South,5935.59,45,Clothing,357.92,461.3,Returning,0.28,Cash,103.38,4652.099999999999,58.12380000000001,5
Charlie,West,7169.12,12,Electronics,2538.61,2971.75,Returning,0.24,Cash,433.1399999999999,5197.6799999999985,85.5864,6
Alice,West,7413.36,16,Furniture,919.58,1258.3000000000002,Returning,0.14,Bank Transfer,338.72000000000014,5419.520000000002,28.185920000000007,3
Charlie,North,2558.92,18,Food,3591.14,3822.99,Returning,0.09,Credit Card,231.8499999999999,4173.299999999998,61.93243799999999,6
David,East,2222.62,35,Electronics,4867.64,5287.05,Returning,0.28,Credit Card,419.40999999999985,14679.349999999995,518.1309000000001,6
Alice,West,4643.51,44,Clothing,1910.47,2217.8,New,0.22,Bank Transfer,307.33000000000015,13522.520000000008,214.68304000000003,6
Eve,West,7354.06,43,Furniture,4111.7,4537.94,Returning,0.13,Bank Transfer,426.2399999999998,18328.319999999992,253.67084599999995,3
David,South,6106.64,47,Furniture,85.35,360.54,New,0.28,Cash,275.19000000000005,12933.930000000002,47.44706400000001,5
Eve,North,903.38,48,Electronics,1679.69,1939.04,New,0.09,Credit Card,259.3499999999999,12448.799999999996,83.766528,3
Bob,North,8247.54,4,Food,1791.83,1871.22,Returning,0.12,Bank Transfer,79.3900000000001,317.5600000000004,8.981855999999999,5
Eve,West,9333.83,39,Food,3542.8,3603.02,Returning,0.26,Cash,60.2199999999998,2348.579999999992,365.346228,3
David,East,5488.11,2,Electronics,2631.68,2904.06,New,0.15,Bank Transfer,272.3800000000001,544.7600000000002,8.71218,4
Charlie,West,6206.16,27,Clothing,4809.0,4967.44,New,0.12,Cash,158.4399999999996,4277.879999999989,160.94505599999997,2
Charlie,West,7454.53,27,Clothing,3197.76,3572.61,Returning,0.08,Credit Card,374.8499999999999,10120.949999999997,77.16837600000001,2
Eve,West,777.74,7,Food,282.94,779.3299999999999,Returning,0.28,Credit Card,496.38999999999993,3474.7299999999996,15.274868000000001,3
Bob,West,9215.59,46,Electronics,984.53,1138.49,New,0.04,Bank Transfer,153.96000000000004,7082.160000000002,20.948216000000002,2
Eve,East,2761.65,13,Food,2312.45,2504.6,Returning,0.06,Bank Transfer,192.1500000000001,2497.950000000001,19.53588,3
Alice,South,7895.13,36,Clothing,3067.05,3386.33,New,0.2,Bank Transfer,319.27999999999975,11494.07999999999,243.81576,2
Bob,West,2559.0,5,Electronics,4934.1,5191.02,New,0.3,Bank Transfer,256.9200000000001,1284.6000000000004,77.8653,6
Bob,East,7084.06,26,Clothing,1291.82,1308.4399999999998,Returning,0.07,Credit Card,16.61999999999989,432.11999999999716,23.813608,1
Bob,East,9369.18,29,Furniture,2462.66,2908.09,New,0.12,Credit Card,445.4300000000003,12917.470000000008,101.20153199999999,1
Eve,East,8264.96,12,Furniture,333.32,700.25,Returning,0.14,Cash,366.93,4403.16,11.764200000000002,1
David,North,2994.59,37,Electronics,4658.44,4823.5,Returning,0.14,Credit Card,165.0600000000004,6107.220000000015,249.85730000000004,3
Alice,West,3080.36,16,Furniture,4457.68,4743.030000000001,Returning,0.19,Cash,285.35000000000036,4565.600000000006,144.18811200000002,3
Eve,South,4961.85,7,Electronics,1655.43,2001.08,New,0.19,Bank Transfer,345.64999999999986,2419.5499999999993,26.614364,2
Eve,West,1143.39,37,Electronics,4127.05,4313.45,New,0.16,Cash,186.39999999999964,6896.7999999999865,255.35624,0
David,West,4155.74,3,Clothing,2958.75,3177.64,Returning,0.17,Cash,218.88999999999987,656.6699999999996,16.205964,1
Bob,South,6586.22,15,Food,4111.93,4338.67,Returning,0.26,Credit Card,226.73999999999978,3401.0999999999967,169.20813,6
David,East,1678.97,47,Furniture,2265.38,2429.9300000000003,Returning,0.06,Bank Transfer,164.55000000000018,7733.850000000009,68.524026,3
Bob,West,1688.58,46,Food,3663.51,4007.980000000001,New,0.13,Cash,344.4700000000007,15845.620000000032,239.67720400000005,6
David,North,8828.74,21,Clothing,621.05,820.3699999999999,Returning,0.24,Bank Transfer,199.31999999999994,4185.719999999998,41.34664799999999,0
Eve,South,8159.84,37,Clothing,4354.92,4495.88,Returning,0.01,Bank Transfer,140.96000000000004,5215.520000000001,16.634756,0
Bob,West,6882.83,27,Electronics,2387.52,2604.06,Returning,0.16,Cash,216.53999999999996,5846.579999999999,112.495392,3
Bob,East,2962.96,20,Furniture,1994.9,2066.5,Returning,0.06,Bank Transfer,71.59999999999991,1431.9999999999982,24.798,4
Eve,East,3167.09,25,Electronics,1330.62,1543.6899999999998,New,0.27,Credit Card,213.06999999999994,5326.749999999998,104.19907499999998,3
Alice,North,5198.56,36,Food,3981.2,4432.349999999999,New,0.14,Cash,451.14999999999964,16241.399999999987,223.39044,2
Alice,South,8302.7,16,Furniture,2872.4,3193.76,Returning,0.04,Credit Card,321.3600000000001,5141.760000000002,20.440064000000003,3
Bob,South,7914.0,18,Food,3070.47,3475.29,Returning,0.2,Bank Transfer,404.82000000000016,7286.760000000003,125.11044000000001,3
David,East,3147.18,5,Food,4714.74,5129.11,New,0.25,Bank Transfer,414.3699999999999,2071.8499999999995,64.113875,4
Bob,East,3608.81,19,Furniture,3457.28,3598.7200000000003,New,0.27,Bank Transfer,141.44000000000005,2687.360000000001,184.61433600000004,3
Bob,South,5105.78,23,Furniture,3756.06,4255.73,Returning,0.04,Cash,499.6699999999996,11492.40999999999,39.152716,3
David,South,9417.1,34,Food,1105.05,1200.96,Returning,0.19,Cash,95.91000000000008,3260.940000000003,77.582016,1
Eve,East,8775.56,13,Food,4342.53,4357.49,New,0.08,Bank Transfer,14.960000000000036,194.48000000000047,45.317896,4
David,North,1115.42,43,Clothing,4781.42,4864.34,Returning,0.25,Bank Transfer,82.92000000000007,3565.560000000003,522.91655,5
Bob,North,5578.37,36,Food,4418.95,4647.87,New,0.04,Bank Transfer,228.92000000000007,8241.120000000003,66.92932800000001,3
Alice,North,8602.29,36,Electronics,689.66,1150.28,New,0.2,Bank Transfer,460.62,16582.32,82.82016,6
Eve,North,8395.29,39,Electronics,4232.81,4345.25,Returning,0.12,Bank Transfer,112.4399999999996,4385.159999999984,203.3577,2
Charlie,North,8601.77,19,Furniture,342.3,768.06,Returning,0.09,Credit Card,425.75999999999993,8089.439999999999,13.133826,6
David,West,4448.18,6,Clothing,563.59,838.97,New,0.17,Credit Card,275.38,1652.28,8.557494,4
Alice,North,6144.41,47,Electronics,1512.34,1830.76,New,0.12,Bank Transfer,318.4200000000001,14965.740000000003,103.254864,5
Charlie,North,1736.32,5,Food,4483.85,4795.42,Returning,0.23,Cash,311.5699999999997,1557.8499999999985,55.14733,4
Charlie,North,119.72,20,Clothing,193.27,297.69,New,0.22,Cash,104.41999999999999,2088.3999999999996,13.098360000000001,4
Alice,North,7215.52,23,Electronics,1236.25,1543.38,New,0.1,Bank Transfer,307.1300000000001,7063.9900000000025,35.49774000000001,0
David,East,5197.84,37,Furniture,1712.43,1980.06,New,0.26,Cash,267.6299999999999,9902.309999999996,190.481772,6
Bob,South,927.19,4,Electronics,3993.39,4288.3,New,0.13,Credit Card,294.9100000000003,1179.6400000000012,22.29916,3
Charlie,North,1740.91,44,Clothing,3542.18,3578.49,Returning,0.12,Cash,36.309999999999945,1597.6399999999976,188.94427199999998,2
Charlie,West,2301.38,42,Clothing,967.77,1414.88,New,0.17,Bank Transfer,447.1100000000001,18778.620000000006,101.02243200000002,3
Charlie,North,5240.32,31,Furniture,951.21,1320.3200000000002,New,0.15,Cash,369.1100000000001,11442.410000000003,61.39488000000001,1
Bob,North,3971.23,42,Furniture,3549.43,3967.69,New,0.14,Bank Transfer,418.2600000000002,17566.92000000001,233.30017200000006,5
Alice,South,9602.64,35,Electronics,1258.53,1624.89,New,0.08,Credit Card,366.3600000000001,12822.600000000004,45.49692,0
Bob,East,4216.17,19,Clothing,3316.97,3544.02,Returning,0.14,Cash,227.05000000000018,4313.9500000000035,94.27093200000002,0
David,South,6994.66,2,Furniture,1349.3,1576.69,Returning,0.12,Credit Card,227.3900000000001,454.7800000000002,3.7840559999999996,4
Alice,West,1799.77,2,Furniture,3604.93,3830.71,Returning,0.12,Credit Card,225.7800000000002,451.5600000000004,9.193703999999999,4
Eve,South,1242.41,16,Clothing,4195.38,4461.51,Returning,0.09,Bank Transfer,266.1300000000001,4258.080000000002,64.245744,3
Charlie,North,3438.35,31,Clothing,845.14,1001.77,New,0.03,Cash,156.63,4855.53,9.316460999999999,0
Bob,West,1514.14,43,Clothing,906.47,1283.04,New,0.24,Cash,376.56999999999994,16192.509999999997,132.409728,6
Eve,East,2141.9,1,Furniture,641.68,752.24,New,0.22,Bank Transfer,110.56000000000006,110.56000000000006,1.6549280000000002,6
Bob,East,8967.18,21,Clothing,576.74,648.29,Returning,0.2,Bank Transfer,71.54999999999995,1502.549999999999,27.228180000000002,2
Charlie,North,2122.73,4,Furniture,4117.67,4280.06,Returning,0.18,Bank Transfer,162.39000000000033,649.5600000000013,30.816432000000002,4
Alice,East,4250.79,26,Clothing,3749.12,4138.83,New,0.13,Credit Card,389.71000000000004,10132.460000000001,139.892454,0
Alice,North,7948.31,12,Clothing,4745.18,5145.88,Returning,0.19,Credit Card,400.6999999999998,4808.399999999998,117.326064,1
Alice,East,783.55,31,Electronics,3570.24,3712.25,New,0.03,Credit Card,142.01000000000022,4402.310000000007,34.523925,1
Charlie,North,4795.12,17,Electronics,83.64,528.49,New,0.13,Credit Card,444.85,7562.450000000001,11.679628999999998,6
Alice,East,6917.45,28,Furniture,3907.86,4205.37,New,0.09,Credit Card,297.50999999999976,8330.279999999993,105.975324,6
Eve,North,5403.0,28,Furniture,2055.28,2449.6400000000003,New,0.19,Credit Card,394.3600000000001,11042.080000000004,130.320848,3
Charlie,West,8231.74,7,Food,4257.24,4355.87,Returning,0.03,Bank Transfer,98.63000000000011,690.4100000000008,9.147326999999999,6
Alice,South,8448.93,2,Food,1935.41,2305.44,Returning,0.22,Credit Card,370.03,740.06,10.143936,0
Eve,West,4902.44,42,Clothing,2505.41,2638.96,New,0.1,Bank Transfer,133.55000000000018,5609.100000000008,110.83632000000001,0
Charlie,South,3402.92,24,Furniture,88.44,338.94,New,0.29,Cash,250.5,6012.0,23.590223999999996,3
Bob,North,7936.43,4,Electronics,2485.86,2532.8700000000003,New,0.01,Credit Card,47.01000000000022,188.04000000000087,1.0131480000000002,6
Alice,East,8564.24,26,Electronics,2007.32,2202.87,Returning,0.11,Cash,195.54999999999995,5084.299999999999,63.002082,1
Alice,North,763.04,3,Food,391.19,471.75,Returning,0.27,Cash,80.56,241.68,3.821175,6
David,West,8785.77,42,Furniture,2443.57,2943.3100000000004,New,0.29,Cash,499.74000000000024,20989.08000000001,358.495158,4
Eve,South,3955.11,27,Clothing,1139.45,1454.41,Returning,0.3,Bank Transfer,314.96000000000004,8503.920000000002,117.80721,1
Bob,West,758.99,49,Furniture,493.35,799.27,New,0.1,Bank Transfer,305.91999999999996,14990.079999999998,39.164229999999996,0
David,South,3817.14,30,Electronics,3813.62,3839.72,New,0.21,Credit Card,26.09999999999991,782.9999999999973,241.90235999999996,4
Charlie,East,8057.76,20,Furniture,3625.94,3880.53,New,0.24,Bank Transfer,254.59000000000015,5091.800000000003,186.26543999999998,1
Bob,South,4391.38,38,Food,86.59,390.89,Returning,0.25,Credit Card,304.29999999999995,11563.399999999998,37.13455,4
Charlie,South,2279.1,10,Clothing,4364.35,4710.1,New,0.07,Credit Card,345.75,3457.5,32.97070000000001,3
Eve,North,3570.15,42,Furniture,2120.81,2611.94,Returning,0.23,Cash,491.1300000000001,20627.460000000006,252.313404,5
Alice,East,780.27,33,Food,1551.25,1994.01,Returning,0.08,Cash,442.76,14611.08,52.641864000000005,5
Charlie,East,3758.78,13,Clothing,3597.2,4071.82,Returning,0.29,Bank Transfer,474.62000000000035,6170.060000000005,153.507614,5
Eve,North,7255.1,42,Furniture,1375.57,1729.71,New,0.04,Cash,354.1400000000001,14873.880000000005,29.059128000000005,5
David,North,6601.62,47,Electronics,2189.54,2617.0,New,0.01,Bank Transfer,427.46000000000004,20090.620000000003,12.299900000000001,6
Alice,West,7116.78,37,Furniture,502.86,687.6,Returning,0.21,Cash,184.74,6835.38,53.42652,2
Bob,South,6650.67,22,Food,3240.2,3606.09,New,0.07,Cash,365.8900000000003,8049.580000000007,55.53378600000001,4
Charlie,North,7750.81,41,Clothing,4965.07,5243.13,New,0.01,Credit Card,278.0600000000004,11400.460000000017,21.496833000000002,0
David,East,757.99,34,Clothing,1167.91,1547.2600000000002,New,0.11,Bank Transfer,379.35000000000014,12897.900000000005,57.86752400000002,2
Charlie,South,7688.5,32,Food,921.32,1236.1,New,0.12,Credit Card,314.77999999999986,10072.959999999995,47.46623999999999,0
Bob,West,7841.4,25,Food,2248.71,2626.02,New,0.08,Bank Transfer,377.30999999999995,9432.749999999998,52.5204,3
Bob,West,5228.28,40,Furniture,4089.66,4275.96,New,0.23,Credit Card,186.30000000000018,7452.000000000007,393.38831999999996,4
Eve,South,1489.21,9,Clothing,4920.34,5129.1900000000005,Returning,0.13,Credit Card,208.85000000000036,1879.6500000000033,60.011523000000004,6
Eve,South,2030.25,32,Electronics,2866.47,3286.47,New,0.09,Credit Card,420.0,13440.0,94.650336,2
Alice,East,8915.05,34,Clothing,2680.82,2771.02,New,0.2,Bank Transfer,90.19999999999982,3066.799999999994,188.42936,2
David,North,7524.78,48,Food,2316.92,2462.63,New,0.04,Credit Card,145.71000000000004,6994.080000000002,47.282496,0
Bob,West,7611.28,39,Furniture,2184.49,2540.42,Returning,0.27,Bank Transfer,355.9300000000003,13881.270000000011,267.506226,5
Bob,East,6011.84,2,Food,2868.02,2994.74,Returning,0.18,Bank Transfer,126.7199999999998,253.4399999999996,10.781063999999999,5
Bob,East,6575.91,1,Clothing,60.28,260.73,Returning,0.17,Cash,200.45000000000002,200.45000000000002,0.44324100000000005,1
David,East,8902.37,36,Clothing,1340.51,1567.92,New,0.29,Cash,227.41000000000008,8186.760000000003,163.690848,4
Alice,West,6360.67,27,Furniture,3624.97,3836.52,New,0.08,Cash,211.55000000000018,5711.850000000005,82.868832,2
Bob,North,1649.12,2,Electronics,912.08,993.24,Returning,0.09,Credit Card,81.15999999999997,162.31999999999994,1.7878319999999999,6
Eve,East,4791.82,31,Food,2757.06,3023.97,Returning,0.21,Cash,266.90999999999985,8274.209999999995,196.86044699999997,5
Alice,South,7192.33,14,Clothing,3586.58,4068.43,New,0.22,Credit Card,481.8499999999999,6745.899999999999,125.307644,3
Charlie,North,3206.89,15,Clothing,2273.88,2696.02,New,0.3,Cash,422.1399999999999,6332.0999999999985,121.32090000000001,2
Eve,East,5119.89,39,Clothing,310.96,457.84,New,0.03,Credit Card,146.88,5728.32,5.3567279999999995,5
Bob,East,6991.95,10,Clothing,1524.88,1636.14,New,0.2,Bank Transfer,111.25999999999999,1112.6,32.72280000000001,6
Charlie,West,3889.71,46,Furniture,2302.62,2740.93,Returning,0.25,Bank Transfer,438.30999999999995,20162.26,315.20695,1
Bob,East,8236.13,14,Electronics,859.59,884.51,New,0.12,Bank Transfer,24.91999999999996,348.8799999999994,14.859767999999997,1
Eve,North,6629.16,37,Electronics,1555.41,1609.94,Returning,0.16,Credit Card,54.52999999999997,2017.609999999999,95.308448,1
Eve,West,2792.27,24,Clothing,1543.91,1862.88,New,0.09,Bank Transfer,318.97,7655.280000000001,40.238208,6
David,West,9396.78,12,Electronics,2221.31,2494.48,Returning,0.22,Bank Transfer,273.1700000000001,3278.040000000001,65.85427200000001,1
Alice,West,6400.11,22,Clothing,241.85,613.09,Returning,0.06,Cash,371.24,8167.280000000001,8.092788,0
Alice,North,1990.17,45,Clothing,1364.51,1844.8,Returning,0.18,Cash,480.28999999999996,21613.05,149.4288,4
David,North,6976.95,36,Food,4043.53,4384.85,New,0.14,Cash,341.32000000000016,12287.520000000006,220.99644000000004,0
Eve,North,2265.28,22,Electronics,1296.44,1751.24,New,0.22,Cash,454.79999999999995,10005.599999999999,84.76001600000001,6
Bob,East,6653.49,36,Clothing,4337.61,4386.82,Returning,0.23,Credit Card,49.210000000000036,1771.5600000000013,363.22869599999996,5
David,South,7802.45,32,Clothing,1517.86,1948.46,New,0.02,Credit Card,430.60000000000014,13779.200000000004,12.470144000000001,1
Charlie,North,975.01,36,Food,4995.3,5165.09,Returning,0.24,Cash,169.78999999999996,6112.439999999999,446.26377599999995,1
David,North,7019.59,20,Furniture,1140.62,1258.63,Returning,0.26,Bank Transfer,118.01000000000022,2360.2000000000044,65.44876000000001,0
David,East,3746.64,18,Clothing,560.92,1024.31,Returning,0.26,Cash,463.39,8341.02,47.93770799999999,4
Charlie,East,2669.81,23,Electronics,2644.77,2684.83,New,0.24,Cash,40.059999999999945,921.3799999999987,148.20261599999998,2
David,West,8803.94,45,Clothing,1372.36,1687.83,New,0.02,Credit Card,315.47,14196.150000000001,15.19047,4
Eve,West,5617.64,5,Food,2206.58,2490.47,New,0.28,Cash,283.8899999999999,1419.4499999999994,34.86658,1
Alice,East,8892.37,39,Furniture,3126.52,3465.79,New,0.08,Cash,339.27,13231.529999999999,108.132648,4
Bob,South,9019.51,14,Furniture,2251.95,2626.32,Returning,0.21,Credit Card,374.37000000000035,5241.180000000005,77.213808,6
David,South,9961.96,6,Furniture,4502.09,4879.72,New,0.13,Credit Card,377.6300000000001,2265.7800000000007,38.061816,6
Alice,West,8271.62,12,Clothing,710.99,876.46,Returning,0.03,Credit Card,165.47000000000003,1985.6400000000003,3.155256,0
Charlie,South,8464.23,16,Clothing,1964.15,2211.17,Returning,0.21,Bank Transfer,247.01999999999998,3952.3199999999997,74.295312,1
Charlie,West,5809.35,45,Clothing,4848.98,4985.75,Returning,0.2,Bank Transfer,136.77000000000044,6154.65000000002,448.71750000000003,4
Alice,East,7507.02,32,Food,4298.12,4446.9,New,0.1,Bank Transfer,148.77999999999975,4760.959999999992,142.30079999999998,0
David,South,8594.43,44,Clothing,2211.95,2512.84,Returning,0.04,Cash,300.8900000000003,13239.160000000014,44.225984000000004,2
David,East,499.47,47,Electronics,3034.32,3375.79,New,0.28,Credit Card,341.4699999999998,16049.089999999991,444.25396400000005,2
David,North,5705.19,23,Electronics,1771.52,2147.8,New,0.07,Bank Transfer,376.2800000000002,8654.440000000004,34.57958000000001,5
Bob,South,2396.98,15,Furniture,3420.72,3513.74,New,0.02,Cash,93.01999999999998,1395.2999999999997,10.541220000000001,0
Eve,East,7667.1,33,Electronics,2595.42,3083.06,New,0.08,Credit Card,487.6399999999999,16092.119999999995,81.392784,1
Eve,North,485.49,17,Furniture,3850.99,4045.34,Returning,0.16,Credit Card,194.35000000000036,3303.950000000006,110.033248,2
Eve,East,5677.61,46,Food,1102.69,1437.12,New,0.11,Credit Card,334.42999999999984,15383.779999999992,72.718272,5
Charlie,North,6283.68,23,Furniture,530.24,987.41,Returning,0.23,Credit Card,457.16999999999996,10514.91,52.233989,3
Charlie,West,5910.67,40,Electronics,2983.85,3239.74,New,0.27,Credit Card,255.88999999999987,10235.599999999995,349.89191999999997,1
Charlie,North,9907.72,20,Furniture,4298.74,4475.19,Returning,0.16,Cash,176.44999999999982,3528.9999999999964,143.20608,3
Charlie,West,4478.71,5,Clothing,3932.14,4082.76,New,0.26,Credit Card,150.62000000000035,753.1000000000017,53.075880000000005,1
Eve,North,7103.23,9,Electronics,4737.06,4869.5,New,0.07,Cash,132.4399999999996,1191.9599999999964,30.677850000000003,4
Eve,East,3953.38,29,Clothing,1412.09,1596.65,Returning,0.07,Cash,184.56000000000017,5352.240000000005,32.41199500000001,1
Eve,North,2365.87,6,Clothing,2019.9,2116.74,New,0.11,Credit Card,96.83999999999969,581.0399999999981,13.970483999999999,5
David,West,6008.83,25,Food,4660.82,5011.429999999999,New,0.07,Bank Transfer,350.6099999999997,8765.249999999993,87.700025,6
Alice,East,9289.0,31,Electronics,1724.24,2036.2,New,0.17,Cash,311.96000000000004,9670.760000000002,107.30774000000001,3
Eve,South,9298.48,22,Electronics,4573.69,4820.299999999999,New,0.04,Cash,246.60999999999967,5425.419999999993,42.41863999999999,6
Bob,East,3484.86,2,Furniture,4906.17,5107.43,Returning,0.1,Cash,201.26000000000022,402.52000000000044,10.214860000000002,0
Eve,West,5324.01,45,Furniture,3325.96,3781.4,Returning,0.27,Credit Card,455.44000000000005,20494.800000000003,459.44010000000003,0
Bob,North,9956.75,27,Clothing,3760.25,4147.11,New,0.22,Cash,386.8599999999997,10445.21999999999,246.33833399999997,0
Bob,South,6530.14,8,Furniture,1569.31,1798.02,New,0.07,Credit Card,228.71000000000004,1829.6800000000003,10.068912000000001,2
Alice,West,5972.27,44,Furniture,3351.33,3465.35,Returning,0.12,Bank Transfer,114.01999999999998,5016.879999999999,182.97047999999998,3
David,South,628.15,23,Electronics,557.52,822.39,Returning,0.29,Credit Card,264.87,6092.01,54.853412999999996,3
David,East,6807.56,39,Electronics,3592.89,4004.0,New,0.13,Cash,411.1100000000001,16033.290000000005,203.00279999999998,6
David,East,3793.91,47,Food,4865.33,5316.13,New,0.06,Bank Transfer,450.8000000000002,21187.60000000001,149.914866,2
Alice,West,9422.75,24,Electronics,4916.17,5309.32,Returning,0.19,Credit Card,393.14999999999964,9435.599999999991,242.10499199999998,5
Alice,South,5053.56,29,Electronics,4353.29,4405.8,New,0.04,Bank Transfer,52.51000000000022,1522.7900000000063,51.10728000000001,6
David,West,6939.75,26,Furniture,3697.29,4003.96,New,0.24,Cash,306.6700000000001,7973.420000000002,249.847104,4
Eve,North,7001.64,16,Clothing,2530.15,2568.13,New,0.01,Credit Card,37.98000000000002,607.6800000000003,4.109008,4
David,North,6521.53,35,Electronics,2885.16,3224.84,New,0.14,Cash,339.6800000000003,11888.80000000001,158.01716000000005,6
Bob,West,2825.35,20,Food,729.27,999.18,New,0.1,Bank Transfer,269.90999999999997,5398.199999999999,19.9836,3
David,North,6033.09,1,Food,2258.44,2475.56,New,0.25,Cash,217.1199999999999,217.1199999999999,6.1889,0
Bob,East,1875.62,47,Electronics,3374.72,3483.15,Returning,0.18,Cash,108.43000000000029,5096.210000000014,294.67449000000005,5
Alice,South,4606.2,17,Electronics,1308.58,1575.59,New,0.3,Cash,267.01,4539.17,80.35509,1
David,South,8389.93,29,Furniture,173.67,565.62,Returning,0.3,Cash,391.95000000000005,11366.550000000001,49.20894,3
David,East,7813.12,8,Food,3048.48,3198.54,Returning,0.03,Bank Transfer,150.05999999999995,1200.4799999999996,7.676495999999999,6
David,South,7026.43,48,Clothing,2658.9,2838.27,New,0.25,Credit Card,179.3699999999999,8609.759999999995,340.5924,3
Bob,West,8047.83,3,Furniture,3434.75,3659.42,New,0.16,Cash,224.67000000000007,674.0100000000002,17.565216,5
Charlie,South,9613.11,35,Furniture,3777.94,4188.66,New,0.17,Bank Transfer,410.7199999999998,14375.199999999993,249.22527000000002,3
Alice,West,5405.76,5,Electronics,3650.89,3930.06,New,0.17,Bank Transfer,279.1700000000001,1395.8500000000004,33.40551,6
David,South,4078.68,44,Electronics,987.74,1462.19,New,0.24,Bank Transfer,474.45000000000005,20875.800000000003,154.407264,3
Bob,South,1621.54,12,Electronics,2035.68,2079.64,Returning,0.04,Cash,43.95999999999981,527.5199999999977,9.982272,4
Alice,North,5768.81,20,Electronics,4741.59,4975.2300000000005,New,0.09,Credit Card,233.64000000000033,4672.800000000007,89.55414,0
Bob,East,9220.94,20,Food,668.11,803.49,New,0.21,Bank Transfer,135.38,2707.6,33.746579999999994,3
Bob,East,614.69,19,Electronics,4991.68,5296.650000000001,New,0.12,Bank Transfer,304.97000000000025,5794.430000000005,120.76362,0
Bob,East,414.26,38,Food,2729.75,3081.5,New,0.01,Bank Transfer,351.75,13366.5,11.7097,4
Alice,East,937.2,45,Electronics,4974.14,5227.93,New,0.21,Bank Transfer,253.78999999999996,11420.55,494.039385,6
Eve,South,6107.78,43,Furniture,4834.47,4973.38,Returning,0.03,Bank Transfer,138.90999999999985,5973.129999999994,64.15660199999999,1
Bob,East,6624.55,22,Electronics,4200.08,4647.28,Returning,0.11,Cash,447.1999999999998,9838.399999999996,112.464176,1
Charlie,South,8643.67,47,Food,3450.36,3557.38,New,0.2,Credit Card,107.01999999999998,5029.939999999999,334.39372000000003,2
Eve,East,2046.87,22,Food,3462.61,3672.89,Returning,0.27,Credit Card,210.27999999999975,4626.159999999994,218.169666,4
Alice,North,7400.52,43,Furniture,1454.8,1674.97,New,0.03,Credit Card,220.17000000000007,9467.310000000003,21.607113000000002,3
Charlie,North,8046.14,8,Furniture,1563.78,1829.16,Returning,0.15,Cash,265.3800000000001,2123.040000000001,21.949920000000002,5
Alice,North,9972.66,8,Clothing,3808.23,3891.62,Returning,0.26,Bank Transfer,83.38999999999987,667.119999999999,80.945696,3
David,South,8983.92,26,Furniture,433.19,800.6,Returning,0.2,Cash,367.41,9552.66,41.63120000000001,2
Alice,North,6264.04,48,Clothing,2588.54,2872.8,New,0.17,Cash,284.2600000000002,13644.48000000001,234.42048000000005,0
Eve,North,9736.49,26,Furniture,1749.34,1935.25,New,0.14,Credit Card,185.91000000000008,4833.660000000002,70.44310000000002,3
Bob,North,9755.9,20,Electronics,3318.92,3785.91,New,0.24,Bank Transfer,466.9899999999998,9339.799999999996,181.72367999999997,6
Alice,South,8188.04,19,Electronics,4055.51,4258.84,Returning,0.03,Credit Card,203.32999999999993,3863.2699999999986,24.275388,0
Alice,East,8540.22,48,Food,3380.52,3778.94,Returning,0.3,Bank Transfer,398.4200000000001,19124.160000000003,544.16736,4
Eve,East,942.52,12,Food,4754.02,5080.740000000001,New,0.2,Cash,326.72000000000025,3920.640000000003,121.93776000000001,2
Bob,West,803.25,31,Furniture,144.88,175.29,New,0.07,Bank Transfer,30.409999999999997,942.7099999999999,3.803793,3
Bob,South,2370.72,11,Clothing,213.41,503.36,Returning,0.27,Bank Transfer,289.95000000000005,3189.4500000000007,14.949792,0
Charlie,South,4744.16,26,Clothing,4771.99,5079.65,New,0.29,Credit Card,307.65999999999985,7999.159999999996,383.00560999999993,2
Alice,West,1099.68,27,Electronics,3955.19,4393.68,Returning,0.04,Credit Card,438.49000000000024,11839.230000000007,47.451744000000005,2
Alice,South,1758.16,11,Food,3884.13,3915.41,Returning,0.02,Cash,31.279999999999745,344.0799999999972,8.613902,2
Bob,West,9733.46,34,Electronics,3125.07,3564.19,Returning,0.09,Cash,439.1199999999999,14930.079999999996,109.064214,5
Alice,West,7617.0,43,Clothing,287.99,666.64,Returning,0.0,Bank Transfer,378.65,16281.949999999999,0.0,0
Bob,West,3063.9,42,Furniture,1080.12,1424.1699999999998,New,0.1,Cash,344.04999999999995,14450.099999999999,59.81513999999999,4
Charlie,East,2638.98,35,Furniture,4480.63,4884.12,New,0.04,Cash,403.4899999999998,14122.149999999992,68.37768,4
Eve,South,3617.67,40,Food,2890.95,3104.43,New,0.21,Bank Transfer,213.48000000000002,8539.2,260.77212,1
David,South,6772.54,8,Food,1786.35,1935.29,New,0.04,Cash,148.94000000000005,1191.5200000000004,6.192928,0
David,East,719.39,47,Electronics,4171.83,4320.93,New,0.07,Cash,149.10000000000036,7007.700000000017,142.15859700000004,0
Charlie,West,2184.02,7,Electronics,2492.36,2738.6800000000003,Returning,0.11,Cash,246.32000000000016,1724.2400000000011,21.087836000000003,6
Charlie,East,1554.53,39,Furniture,4643.67,4829.52,Returning,0.17,Bank Transfer,185.85000000000036,7248.150000000014,320.19717600000007,5
Alice,West,8660.12,25,Electronics,61.5,258.92,New,0.17,Credit Card,197.42000000000002,4935.5,11.004100000000001,2
David,West,919.09,26,Electronics,4535.38,4557.56,New,0.0,Credit Card,22.18000000000029,576.6800000000076,0.0,0
David,West,4929.56,4,Furniture,2751.06,2976.01,Returning,0.28,Credit Card,224.95000000000027,899.8000000000011,33.331312000000004,4
Bob,North,3133.99,49,Furniture,2628.38,2644.54,Returning,0.11,Cash,16.159999999999854,791.8399999999929,142.540706,1
David,South,4244.21,11,Clothing,4100.62,4230.0,New,0.29,Bank Transfer,129.3800000000001,1423.1800000000012,134.93699999999998,1
Alice,North,4638.47,28,Food,1711.63,1951.24,New,0.22,Cash,239.6099999999999,6709.079999999997,120.19638400000001,0
David,South,5785.45,23,Furniture,2598.18,3042.73,Returning,0.24,Credit Card,444.5500000000002,10224.650000000005,167.95869599999997,0
Charlie,North,3207.37,43,Furniture,2289.22,2581.0,New,0.05,Bank Transfer,291.7800000000002,12546.540000000008,55.4915,4
Charlie,South,9895.57,25,Food,2747.66,3027.01,New,0.23,Cash,279.35000000000036,6983.750000000009,174.053075,3
David,West,4883.49,35,Electronics,1130.6,1466.1799999999998,Returning,0.13,Cash,335.5799999999999,11745.299999999997,66.71118999999999,4
Eve,East,8611.97,17,Electronics,558.7,1004.08,Returning,0.03,Credit Card,445.38,7571.46,5.120807999999999,5
Bob,East,4594.5,46,Food,2577.08,2961.56,Returning,0.1,Cash,384.48,17686.08,136.23176,6
Bob,East,7648.22,30,Furniture,745.93,1143.02,Returning,0.2,Credit Card,397.09000000000003,11912.7,68.5812,1
David,North,1347.42,29,Clothing,2152.68,2475.93,Returning,0.22,Bank Transfer,323.25,9374.25,157.964334,6
David,East,2044.55,45,Food,1741.66,2169.86,Returning,0.14,Credit Card,428.20000000000005,19269.000000000004,136.70118000000002,1
David,South,9519.3,15,Clothing,957.95,1329.26,New,0.21,Cash,371.30999999999995,5569.65,41.87169,4
Bob,West,1837.37,46,Furniture,83.86,526.14,Returning,0.11,Credit Card,442.28,20344.879999999997,26.622684,3
Charlie,West,5720.5,25,Food,2361.74,2584.35,Returning,0.2,Cash,222.61000000000013,5565.250000000004,129.2175,5
Bob,East,2375.28,38,Furniture,4440.86,4506.81,Returning,0.24,Bank Transfer,65.95000000000073,2506.1000000000276,411.021072,2
Alice,East,3784.52,25,Electronics,1156.88,1454.68,Returning,0.06,Credit Card,297.79999999999995,7444.999999999999,21.8202,3
Charlie,West,2858.57,18,Food,1127.86,1586.29,New,0.04,Credit Card,458.43000000000006,8251.740000000002,11.421288,4
Eve,East,2265.23,49,Clothing,437.59,675.54,Returning,0.1,Cash,237.95,11659.55,33.10146,3
Charlie,North,8274.54,10,Clothing,536.81,839.92,Returning,0.15,Bank Transfer,303.11,3031.1000000000004,12.598799999999999,5
Alice,South,2928.5,10,Furniture,2273.91,2578.8,New,0.14,Cash,304.8900000000003,3048.9000000000033,36.10320000000001,6
Charlie,South,9702.27,48,Electronics,4766.53,5253.07,Returning,0.01,Bank Transfer,486.53999999999996,23353.92,25.214736,6
Alice,North,5755.48,38,Clothing,1234.69,1511.26,New,0.1,Bank Transfer,276.56999999999994,10509.659999999998,57.42788,4
Eve,North,1515.71,27,Food,3139.36,3423.6600000000003,New,0.18,Credit Card,284.3000000000002,7676.100000000005,166.38987600000002,4
Eve,West,3808.03,33,Clothing,2396.68,2661.54,New,0.18,Bank Transfer,264.8600000000001,8740.380000000005,158.095476,3
Bob,West,961.47,34,Electronics,68.33,219.08,New,0.02,Credit Card,150.75,5125.5,1.4897440000000002,0
Charlie,East,1833.72,43,Furniture,3967.25,4272.92,New,0.27,Credit Card,305.6700000000001,13143.810000000003,496.08601200000004,1
Charlie,North,6760.37,26,Electronics,3418.78,3824.1,New,0.19,Credit Card,405.3199999999997,10538.319999999992,188.91053999999997,3
Charlie,North,8753.31,7,Furniture,523.02,686.25,Returning,0.04,Cash,163.23000000000002,1142.6100000000001,1.9215,5
David,North,2706.15,9,Electronics,4680.35,4758.110000000001,Returning,0.05,Bank Transfer,77.76000000000022,699.840000000002,21.411495000000002,2
David,West,8719.62,8,Furniture,4349.34,4629.9800000000005,Returning,0.01,Credit Card,280.6400000000003,2245.1200000000026,3.7039840000000006,1
Bob,East,7946.69,24,Food,911.11,1214.56,New,0.22,Bank Transfer,303.44999999999993,7282.799999999998,64.12876800000001,2
Bob,North,6310.56,19,Furniture,278.67,423.13,New,0.24,Credit Card,144.45999999999998,2744.74,19.294728,5
Eve,West,7527.63,36,Clothing,2919.0,3125.01,New,0.24,Cash,206.01000000000022,7416.360000000008,270.00086400000004,1
Eve,North,4637.4,27,Electronics,927.89,1399.09,Returning,0.27,Credit Card,471.19999999999993,12722.399999999998,101.993661,1
Eve,North,1028.39,14,Furniture,4037.21,4323.71,Returning,0.27,Credit Card,286.5,4011.0,163.436238,2
Alice,North,4912.69,18,Clothing,430.14,641.18,New,0.13,Cash,211.03999999999996,3798.7199999999993,15.003611999999999,1
David,West,2154.66,35,Food,465.61,812.9100000000001,New,0.16,Bank Transfer,347.30000000000007,12155.500000000002,45.522960000000005,6
David,North,2457.65,47,Furniture,3861.61,3998.91,New,0.25,Credit Card,137.29999999999973,6453.099999999988,469.871925,0
Charlie,North,4733.88,4,Food,4943.03,5442.15,Returning,0.29,Cash,499.1199999999999,1996.4799999999996,63.12893999999999,5
David,South,7629.7,17,Clothing,355.72,438.27,Returning,0.06,Bank Transfer,82.54999999999995,1403.3499999999992,4.4703539999999995,3
David,West,1629.47,39,Electronics,3685.03,3743.39,New,0.01,Bank Transfer,58.35999999999967,2276.0399999999872,14.599221,2
Alice,East,4923.93,48,Food,2632.58,2926.68,Returning,0.14,Cash,294.0999999999999,14116.799999999996,196.672896,2
